large,middle,small
北京市,海淀区,
北京市,东城区,
北京市,西城区,
北京市,丰台区,
北京市,朝阳区,
北京市,大兴区,
北京市,石景山区,
北京市,门头沟区,
北京市,房山区,
北京市,通州区,
北京市,顺义区,
北京市,怀柔区,
北京市,昌平区,
北京市,平谷区,
北京市,密云县,
北京市,延庆县,
天津市,和平区,
天津市,河西区,
天津市,河北区,
天津市,河东区,
天津市,南开区,
天津市,红桥区,
天津市,北辰区,
天津市,津南区,
天津市,武清区,
天津市,西青区,
天津市,宝坻区,
天津市,东丽区,
天津市,蓟县,
天津市,静海县,
天津市,宁河县,
天津市,滨海新区,
上海,黄浦区,
上海,徐汇区,
上海,长宁区,
上海,静安区,
上海,普陀区,
上海,闸北区,
上海,杨浦区,
上海,虹口区,
上海,闵行区,
上海,宝山区,
上海,嘉定区,
上海,浦东新区,
上海,金山区,
上海,松江区,
上海,青浦区,
上海,奉贤区,
上海,崇明县,
重庆,渝中区,
重庆,大渡口区,
重庆,江北区,
重庆,沙坪坝区,
重庆,九龙坡区,
重庆,南岸区,
重庆,北碚区,
重庆,双桥区,
重庆,渝北区,
重庆,巴南区,
重庆,万州区,
重庆,涪陵区,
重庆,黔江区,
重庆,长寿区,
重庆,江津区,
重庆,永川区,
重庆,南川区,
重庆,綦江区,
重庆,合川区,
重庆,潼南区,
重庆,铜梁县,
重庆,大足县,
重庆,荣昌县,
重庆,璧山县,
重庆,垫江县,
重庆,武隆县,
重庆,丰都县,
重庆,城口县,
重庆,梁平县,
重庆,开县,
重庆,巫溪县,
重庆,巫山县,
重庆,奉节县,
重庆,云阳县,
重庆,忠县,
重庆,石柱土家族自治县,
重庆,彭水苗族土家族自治县,
重庆,酉阳苗族自治县,
重庆,秀山土家族苗族自治县,
新疆维吾尔自治区,乌鲁木齐,吐鲁番
新疆维吾尔自治区,卡拉玛依,哈密
新疆维吾尔自治区,吐鲁番地区,昌吉
新疆维吾尔自治区,哈密地区,阜康
新疆维吾尔自治区,昌吉回族自治州,博乐
新疆维吾尔自治区,博尔塔拉蒙古自治州,库尔勒
新疆维吾尔自治区,巴音郭楞蒙古自治州,阿克苏
新疆维吾尔自治区,阿克苏地区,阿图什
新疆维吾尔自治区,克孜勒苏柯尔克孜自治州,喀什
新疆维吾尔自治区,喀什地区,和田
新疆维吾尔自治区,和田地区,伊宁
新疆维吾尔自治区,伊犁哈萨克自治州,奎屯
新疆维吾尔自治区,塔城地区,塔城
新疆维吾尔自治区,阿勒泰地区,乌苏
新疆维吾尔自治区,,阿勒泰
新疆维吾尔自治区,,石河子
新疆维吾尔自治区,,阿拉尔
新疆维吾尔自治区,,图木舒克
新疆维吾尔自治区,,五家渠
西藏自治区,拉萨,日喀则
西藏自治区,昌都地区,
西藏自治区,山南地区,
西藏自治区,日喀则地区,
西藏自治区,那曲地区,
西藏自治区,阿里地区,
西藏自治区,林芝地区,
宁夏回族自治区,银川,青铜峡
宁夏回族自治区,石嘴山,灵武
宁夏回族自治区,吴忠,
宁夏回族自治区,固原,
宁夏回族自治区,中卫,
内蒙古自治区,呼和浩特,霍林郭勒
内蒙古自治区,包头,满洲里
内蒙古自治区,乌海,牙克石
内蒙古自治区,赤峰,扎兰屯
内蒙古自治区,通辽,根河
内蒙古自治区,鄂尔多斯,额尔古纳
内蒙古自治区,呼伦贝尔,丰镇
内蒙古自治区,巴彦淖尔,锡林浩特
内蒙古自治区,乌兰察布,二连浩特
内蒙古自治区,锡林郭勒盟,乌兰浩特
内蒙古自治区,兴安盟,阿尔山
内蒙古自治区,阿拉善盟,
广西壮族自治区,南宁,岑溪
广西壮族自治区,柳州,凭祥
广西壮族自治区,桂林,合山
广西壮族自治区,梧州,北流
广西壮族自治区,北海,宜州
广西壮族自治区,崇左,东兴
广西壮族自治区,来宾,桂平
广西壮族自治区,贺州,
广西壮族自治区,玉林,
广西壮族自治区,百色,
广西壮族自治区,河池,
广西壮族自治区,钦州,
广西壮族自治区,防城港,
广西壮族自治区,贵港,
黑龙江,长春,九台
黑龙江,吉林,榆树
黑龙江,四平,德惠
黑龙江,辽源,舒兰
黑龙江,通化,桦甸
黑龙江,白山,蛟河
黑龙江,松原,磐石
黑龙江,白城,公主岭
黑龙江,演变,双辽
黑龙江,朝鲜族自治州,梅河口
辽宁,沈阳,新民
辽宁,大连,瓦房店
辽宁,金州,普兰
辽宁,鞍山,庄河
辽宁,抚顺,海城
辽宁,本溪,东港
辽宁,丹东,凤城
辽宁,锦州,凌海
辽宁,营口,北镇
辽宁,阜新,大石桥
辽宁,辽阳,盖州
辽宁,盘锦,灯塔
辽宁,铁岭,调兵山
辽宁,朝阳,开原
辽宁,葫芦岛,凌源
河北,石家庄,辛集
河北,唐山,藁城
河北,邯郸,晋州
河北,秦皇岛,新乐
河北,保定,鹿泉
河北,张家口,遵化
河北,承德,迁安
河北,廊坊,武安
河北,沧州,南宫
河北,衡水,沙河
河北,邢台,涿州
山东,济南,章丘
山东,青岛,胶南
山东,淄博,胶州
山东,枣庄,平度
山东,东营,莱西
山东,烟台,即墨
山东,潍坊,滕州
山东,济宁,龙口
山东,泰安,莱阳
山东,威海,莱州
山东,日照,招远
山东,莱芜,蓬莱
山东,临沂,栖霞
山东,德州,海阳
山东,聊城,青州
山东,菏泽,诸城
山东,滨州,安丘
江苏,南京,江阴
江苏,镇江,宜兴
江苏,常州,邳州
江苏,无锡,新沂
江苏,苏州,金坛
江苏,徐州,溧阳
江苏,连云港,常熟
江苏,淮安,张家港
江苏,盐城,太仓
江苏,扬州,昆山
江苏,泰州,吴江
江苏,南通,如皋
江苏,宿迁,海门
安徽,合肥,界首
安徽,蚌埠,天长
安徽,芜湖,明光
安徽,淮南,桐城
安徽,亳州,宁国
安徽,阜阳,巢湖
浙江,杭州,建德
浙江,嘉兴,富阳
浙江,湖州,临安
浙江,宁波,余姚
浙江,金华,慈溪
浙江,温州,奉化
浙江,丽水,瑞安
浙江,绍兴,乐清
浙江,衢州,海宁
浙江,舟山,平湖
浙江,台州,桐乡
福建,福州,福清
福建,厦门,长乐
福建,泉州,永安
福建,三明,石狮
福建,南平,晋江
福建,漳州,南安
福建,莆田,龙海
福建,宁德,邵武
福建,龙岩,武夷山
广东,广州,增城
广东,深圳,从化
广东,汕头,乐昌
广东,惠州,南雄
广东,珠海,台山
广东,揭阳,开平
广东,佛山,鹤山
广东,河源,恩平
广东,阳江,廉江
广东,茂名,雷州
广东,湛江,吴川
广东,梅州,高州
广东,肇庆,化州
广东,韶关,信宜
广东,潮州,高要
广东,东莞,四会
广东,中山,兴宁
广东,清远,陆丰
广东,江门,阳春
广东,汕尾,英德
广东,云浮,连州
海南,海口,琼海
海南,三亚,文昌
云南,昆明,安宁
云南,曲靖,宣威
云南,玉溪,个旧
云南,保山,蒙自
云南,昭通,开远
云南,丽江,景洪
云南,普洱,楚雄
云南,临沧,大理
云南,楚雄彝族自治州,瑞丽
云南,大理白族自治州,芒市
云南,红河哈尼族彝族自治州,文山
云南,文山壮族苗族自治州,
云南,西双版纳傣族自治州,
云南,德宏傣族景颇族自治州,
云南,怒江傈僳族自治州,
云南,迪庆藏族自治州,
江西,南昌,乐平
江西,九江,瑞昌
江西,赣州,共青城
江西,吉安,贵溪
江西,鹰潭,瑞金
江西,上饶,南康
江西,萍乡,井冈山
江西,景德镇,丰城
江西,新余,樟树
江西,宜春,高安
江西,抚州,德兴
青海,西宁,格尔木
青海,海东地区,德令哈
青海,海北藏族自治州,
青海,黄南藏族自治州,
青海,海南藏族自治州,
青海,果洛藏族自治州,
青海,玉树藏族自治州,
青海,海西蒙古族自治州,
甘肃,兰州,玉门
甘肃,天水,敦煌
甘肃,平凉,临夏
甘肃,酒泉,合作
甘肃,嘉峪关,
甘肃,金昌,
甘肃,白银,
甘肃,武威,
甘肃,张掖,
甘肃,庆阳,
甘肃,定西,
甘肃,陇南,
甘肃,临夏回族自治州,
甘肃,甘南藏族自治州,
陕西,西安,兴平
陕西,咸阳,韩城
陕西,铜川,华阴
陕西,延安,
陕西,宝鸡,
陕西,渭南,
陕西,汉中,
陕西,安康,
陕西,商洛,
陕西,榆林,
山西,太原,古交
山西,大同,潞城
山西,忻州,高平
山西,阳泉,介休
山西,长治,永济
山西,晋城,河津
山西,朔州,原平
山西,晋中,侯马
山西,运城,霍州
山西,临汾,孝义
山西,吕梁,汾阳
河南,郑州,巩义
河南,洛阳,新郑
河南,开封,新密
河南,漯河,登封
河南,安阳,荥阳
河南,新乡,偃师
河南,周口,汝州
河南,三门峡,舞钢
河南,焦作,林州
河南,平顶山,卫辉
河南,信阳,辉县
河南,南阳,沁阳
河南,鹤壁,孟州
河南,濮阳,禹州
河南,许昌,长葛
河南,商丘,义马
河南,驻马店,灵宝
湖北,武汉,大治
湖北,襄樊,丹江口
湖北,宜昌,洪湖
湖北,黄石,石首
湖北,鄂州,松滋
湖北,随州,宜都
湖北,荆州,当阳
湖北,荆门,枝江
湖北,十堰,老河口
湖北,孝感,枣阳
湖北,黄冈,宜城
湖北,咸宁,钟祥
湖北,恩施土家自治州,应城
湖南,长沙,浏阳
湖南,株洲,醴陵
湖南,湘潭,湘乡
湖南,衡阳,韶山
湖南,岳阳,耒阳
湖南,郴州,长宁
湖南,永州,武冈
湖南,邵阳,临湘
湖南,怀化,汨罗
湖南,常德,津市
湖南,益阳,沅江
湖南,张家界,资兴
湖南,娄底,洪江
湖南,湘西土家自治州,冷水江
四川,成都,都江堰
四川,自贡,彭州
四川,攀枝花,邛崃
四川,泸州,崇州
四川,德阳,广汉
四川,绵阳,什邡
四川,广元,绵竹
四川,遂宁,江油
四川,内江,峨眉山
四川,乐山,阆中
四川,南充,华蓥
四川,眉山,万源
四川,宜宾,简阳
四川,广安,西昌
四川,达州,
四川,雅安,
四川,巴中,
四川,资阳,
四川,阿坝羌族自治州,
四川,甘孜藏族自治州,
四川,凉山彝族自治州,
贵州,贵阳,清镇
贵州,六盘水,赤水
贵州,遵义,仁怀
贵州,安顺,兴义
贵州,铜仁,凯里
贵州,毕节,都匀
贵州,黔西南布依族苗族州,福泉
贵州,黔东南苗族侗族州,
贵州,黔南布依族苗族州,